Eliezer Alfonzo,COL,C
Bryan Anderson,CWS,C
J.P. Arencibia,TEX,C
Alex Avila,DET,C
John Baker,CHC,C
Brandon Bantz,SEA,C
Rod Barajas,ARI,C
Josh Bard,LAD,C
Tucker Barnhart,CIN,C
Edwin Bellorin,COL,C
Christian Bethancourt,ATL,C
Henry Blanco,ARI,C
J.C. Boscan,CHC,C
Rob Brantly,MIA,C
Dusty Brown,PIT,C
John Buck,SEA,C
Ryan Budde,LAA,C
Drew Butera,LAD,C
Dan Butler,BOS,C
Ramon Cabrera,DET,C
Robinson Cancel,HOU,C
Luke Carlin,CLE,C
Welington Castillo,CHC,C
Wilkin Castillo,CIN,C
Jason Castro,HOU,C
Ramon Castro,LAD,C
Juan Centeno,NYM,C
Francisco Cervelli,NYY,C
Robinson Chirinos,TEX,C
Cody Clark,HOU,C
Steve Clevenger,BAL,C
Hank Conger,LAA,C
Carlos Corporan,HOU,C
Humberto Cota,PIT,C
Tony Cruz,STL,C
Travis d'Arnaud,NYM,C
Brad Davis,MIA,C
Robinzon Diaz,PIT,C
Ryan Doumit,ATL,C
A.J. Ellis,LAD,C
Brian Esposito,CIN,C
Luis Exposito,BAL,C
Tim Federowicz,LAD,C
Jesus Flores,WSH,C
Tyler Flowers,CWS,C
Jake Fox,BAL,C
Eric Fryer,MIN,C
Evan Gattis,ATL,C
Geronimo Gil,COL,C
Chris Gimenez,TEX,C
Hector Gimenez,CWS,C
Yan Gomes,CLE,C
Miguel Gonzalez,CWS,C
Tuffy Gosewisch,ARI,C
Yasmani Grandal,SD,C
Ryan Hanigan,TB,C
Brett Hayes,KC,C
Michel Hernandez,TB,C
Ramon Hernandez,KC,C
Chris Herrmann,MIN,C
John Hester,LAA,C
Koyie Hill,WSH,C
Steven Hill,STL,C
Bryan Holaday,DET,C
Steve Holm,MIN,C
Nick Hundley,SD,C
Chris Iannetta,LAA,C
Jason Jaramillo,CHC,C
John Jaso,OAK,C
A.J. Jimenez,TOR,C
Rob Johnson,STL,C
Tommy Joseph,PHI,C
George Kottaras,CHC,C
Erik Kratz,TOR,C
Gerald Laird,ATL,C
Ryan Lavarnway,BOS,C
Sandy Leon,WSH,C
Steven Lerud,PHI,C
Jose Lobaton,WSH,C
Jonathan Lucroy,MIL,C
Carlos Maldonado,WSH,C
Martin Maldonado,MIL,C
Lou Marson,PHI,C
Russell Martin,PIT,C
Luis Martinez,BAL,C
Jeff Mathis,MIA,C
Lucas May,KC,C
Brian McCann,NYY,C
Michael McKenry,COL,C
Devin Mesoraco,CIN,C
Corky Miller,CIN,C
Gustavo Molina,NYY,C
Jose Molina,TB,C
Yadier Molina,STL,C
Johnny Monell,BAL,C
Miguel Montero,ARI,C
Adam Moore,KC,C
Jose Morales,COL,C
Noe Munoz,LAD,C
John Ryan Murphy,NYY,C
Dioner Navarro,TOR,C
Mike Nickeas,TOR,C
Adrian Nieto,CWS,C
Wil Nieves,PHI,C
Derek Norris,OAK,C
Michael Ohlman,BAL,C
Miguel Ojeda,TEX,C
Miguel Olivo,MIA,C
Jordan Pacheco,COL,C
Matt Pagnozzi,HOU,C
Ronny Paulino,SEA,C
Brayan Pena,CIN,C
Francisco Pena,KC,C
Audry Perez,STL,C
Miguel Perez,CIN,C
Salvador Perez,KC,C
Josh Phegley,CWS,C
Paul Phillips,COL,C
A.J. Pierzynski,BOS,C
Manuel Pina,KC,C
Josmil Pinto,MIN,C
Buster Posey,SF,C
Landon Powell,OAK,C
Humberto Quintero,SEA,C
Guillermo Quiroz,SF,C
Max Ramirez,CHC,C
Wilson Ramos,WSH,C
J.T. Realmuto,MIA,C
Anthony Recker,NYM,C
Mike Rivera,MIL,C
Rene Rivera,SD,C
Chris Robinson,SD,C
Eddy Rodriguez,SD,C
Guillermo Rodriguez,BAL,C
Ivan Rodriguez,WSH,C
Austin Romine,NYY,C
Wilin Rosario,COL,C
David Ross,BOS,C
Carlos Ruiz,PHI,C
Cameron Rupp,PHI,C
Angel Salome,MIL,C
Jarrod Saltalamacchia,MIA,C
Clint Sammons,ATL,C
Gary Sanchez,NYY,C
Hector Sanchez,SF,C
Tony Sanchez,PIT,C
Omir Santos,CLE,C
Konrad Schmidt,TEX,C
Kelly Shoppach,CLE,C
Kyle Skipworth,MIA,C
Chris Snyder,WSH,C
Jhonatan Solano,WSH,C
Roman Ali Solis,PIT,C
Geovany Soto,TEX,C
Max Stassi,HOU,C
Chris Stewart,PIT,C
Jesus Sucre,SEA,C
Kurt Suzuki,MIN,C
Taylor Teagarden,BAL,C
Josh Thole,TOR,C
Wyatt Toregas,PIT,C
Yorvit Torrealba,LAA,C
J.R. Towles,HOU,C
Matt Treanor,LAD,C
Christian Vazquez,BOS,C
Stephen Vogt,OAK,C
Eli Whiteside,TEX,C
Matt Wieters,BAL,C
Bobby Wilson,TOR,C
Mike Zunino,SEA,C
David Aardsma,CLE,P
Fernando Abad,OAK,P
Juan Abreu,TOR,P
Winston Abreu,CLE,P
Jeremy Accardo,OAK,P
Juan Acevedo,TOR,P
Alfredo Aceves,BAL,P
Manny Acosta,NYM,P
Austin Adams,CLE,P
Mike Adams,PHI,P
Nate Adcock,ARI,P
Jeremy Affeldt,SF,P
Jonathan Albaladejo,ARI,P
Andrew Albers,MIN,P
Matt Albers,HOU,P
Al Alburquerque,DET,P
Raul Alcantara,OAK,P
Cody Allen,CLE,P
Henderson Alvarez,MIA,P
Jose Alvarez,LAA,P
Victor Alvarez,LAD,P
Hector Ambriz,HOU,P
Steve Ames,MIA,P
Brett Anderson,COL,P
Brian Anderson,KC,P
Chase Anderson,ARI,P
Greg Aquino,CLE,P
Jayson Aquino,COL,P
Chris Archer,TB,P
Alberto Arias,HOU,P
Jose Arredondo,CIN,P
Jake Arrieta,CHC,P
Bronson Arroyo,ARI,P
Jose Ascanio,LAD,P
Jairo Asencio,CWS,P
Scott Atchison,CLE,P
Luis Atilano,WSH,P
Mitch Atkins,BAL,P
Bryan Augenstein,STL,P
Phillippe Aumont,PHI,P
Luis Avilan,ATL,P
Dylan Axelrod,CWS,P
John Axford,CLE,P
Luis Ayala,WSH,P
Burke Badenhop,BOS,P
Pedro Baez,LAD,P
Andrew Bailey,BOS,P
Homer Bailey,CIN,P
Scott Baker,SEA,P
Collin Balester,DET,P
Grant Balfour,TB,P
Manny Banuelos,NYY,P
Lorenzo Barcelo,CWS,P
Daniel Bard,CHC,P
Scott Barnes,CLE,P
Aaron Barrett,WSH,P
Jimmy Barthmaier,PIT,P
Anthony Bass,HOU,P
Brian Bass,PIT,P
Antonio Bastardo,PHI,P
Miguel Batista,COL,P
Trevor Bauer,CLE,P
Logan Bawcom,SEA,P
Yorman Bazardo,HOU,P
Brandon Beachy,ATL,P
Pedro Beato,ATL,P
Blake Beavan,SEA,P
Chad Beck,TOR,P
Josh Beckett,LAD,P
Erik Bedard,TB,P
Dallas Beeler,CHC,P
Joe Beimel,SEA,P
Mike Belfiore,DET,P
Ronald Belisario,CWS,P
Matt Belisle,COL,P
Jeff Beliveau,TB,P
Heath Bell,TB,P
Trevor Bell,CIN,P
Duane Below,MIA,P
Jeff Bennett,TB,P
Joaquin Benoit,SD,P
Justin Berg,CHC,P
Brad Bergesen,ARI,P
Jason Bergmann,BOS,P
Jason Berken,CHC,P
Tim Berry,BAL,P
Dellin Betances,NYY,P
Rafael Betancourt,COL,P
Chad Bettis,COL,P
Bruce Billings,OAK,P
Chad Billingsley,LAD,P
Joe Bisenius,WSH,P
Vic Black,NYM,P
Nick Blackburn,MIN,P
Travis Blackley,TEX,P
Joe Blanton,LAA,P
Michael Blazek,MIL,P
Jerry Blevins,WSH,P
Mitchell Boggs,CWS,P
Mike Bolsinger,ARI,P
Jeremy Bonderman,DET,P
Lisalverto Bonilla,TEX,P
Eddie Bonine,DET,P
Boof Bonser,OAK,P
Chris Bootcheck,NYY,P
Buddy Boshers,LAA,P
Michael Bowden,CHC,P
Brad Boxberger,TB,P
Blaine Boyer,NYM,P
Brad Brach,BAL,P
Andrew Brackman,CIN,P
Zach Braddock,SD,P
Dallas Braden,OAK,P
Michael Brady,LAA,P
Ryan Brasier,LAA,P
Yhency Brazoban,ARI,P
Craig Breslow,BOS,P
Charles Brewer,ARI,P
Eude Brito,PHI,P
Drake Britton,BOS,P
Zach Britton,BAL,P
Brian Broderick,ARI,P
Aaron Brooks,KC,P
Rex Brothers,COL,P
Barret Browning,STL,P
Jonathan Broxton,CIN,P
Tyson Brummett,TOR,P
Brian Bruney,CWS,P
Clay Buchholz,BOS,P
Ryan Buchter,ATL,P
Billy Buckner,LAA,P
Mark Buehrle,TOR,P
Francisley Bueno,KC,P
Jay Buente,TB,P
Jason Bulger,MIN,P
Madison Bumgarner,SF,P
Dylan Bundy,BAL,P
Ambiorix Burgos,NYM,P
Hiram Burgos,MIL,P
Greg Burke,NYM,P
A.J. Burnett,PHI,P
Alex Burnett,CHC,P
Sean Burnett,LAA,P
Cory Burns,TEX,P
Brian Burres,PIT,P
Jared Burton,MIN,P
Dave Bush,TOR,P
Josh Butler,MIL,P
Keith Butler,STL,P
Tim Byrdak,NYM,P
Cesar Cabral,NYY,P
Alberto Cabrera,CHC,P
Daniel Cabrera,PIT,P
Edwar Cabrera,TEX,P
Fernando Cabrera,BOS,P
Jose Cabrera,MIL,P
Trevor Cahill,ARI,P
Matt Cain,SF,P
Arquimedes Caminero,MIA,P
Shawn Camp,PHI,P
Jorge Campillo,ATL,P
Jose Campos,NYY,P
Jose Capellan,COL,P
Carter Capps,MIA,P
Matt Capps,CLE,P
Chris Capuano,BOS,P
Esmailin Caridad,CHC,P
Andrew Carignan,OAK,P
Jesse Carlson,TOR,P
Buddy Carlyle,NYY,P
Chris Carpenter,BOS,P
Chris Carpenter,STL,P
David Carpenter,ATL,P
David Carpenter,LAA,P
Drew Carpenter,TOR,P
Carlos Carrasco,CLE,P
D.J. Carrasco,NYM,P
Hector Carrasco,LAA,P
Joel Carreno,TOR,P
Cesar Carrillo,HOU,P
Robert Carson,LAA,P
Andrew Cashner,SD,P
Santiago Casilla,SF,P
Bobby Cassevah,COL,P
Alberto Castillo,LAD,P
Lendy Castillo,CHC,P
Fabio Castro,BOS,P
Simon Castro,CWS,P
Brett Cecil,TOR,P
Jose Ceda,MIA,P
Xavier Cedeno,WSH,P
Juan Cerros,CIN,P
Gustavo Chacin,HOU,P
Jhoulys Chacin,COL,P
Joba Chamberlain,DET,P
Aroldis Chapman,CIN,P
Jaye Chapman,CHC,P
Kevin Chapman,HOU,P
Tyler Chatwood,COL,P
Jesse Chavez,OAK,P
Bruce Chen,KC,P
Wei-Yin Chen,BAL,P
Matt Chico,LAD,P
Randy Choate,STL,P
Nick Christiani,CIN,P
Vinnie Chulk,MIL,P
Tony Cingrani,CIN,P
Steve Cishek,MIA,P
Jose Cisnero,HOU,P
Anthony Claggett,PIT,P
Preston Claiborne,NYY,P
Zach Clark,BAL,P
Paul Clemens,HOU,P
Maikel Cleto,CWS,P
Tyler Clippard,WSH,P
Tyler Cloyd,CLE,P
Alex Cobb,TB,P
Robert Coello,LAA,P
Todd Coffey,LAD,P
Phil Coke,DET,P
Gerrit Cole,PIT,P
Casey Coleman,CHC,P
Louis Coleman,KC,P
Tim Collins,KC,P
Josh Collmenter,ARI,P
Alex Colome,TB,P
Jesus Colome,SEA,P
Bartolo Colon,NYM,P
Roman Colon,KC,P
Carlos Contreras,CIN,P
Jose Contreras,TEX,P
Aaron Cook,PHI,P
Ryan Cook,OAK,P
Patrick Corbin,ARI,P
Daniel Corcino,CIN,P
Roy Corcoran,SEA,P
Tim Corcoran,TB,P
Chad Cordero,SEA,P
Francisco Cordero,BOS,P
Erik Cordier,SF,P
Bryan Corey,SD,P
Manny Corpas,COL,P
Kevin Correia,MIN,P
Dan Cortes,SEA,P
Jarred Cosart,HOU,P
Neal Cotts,TEX,P
Jesse Crain,HOU,P
Bobby Cramer,OAK,P
Evan Crawford,TOR,P
Casey Crosby,DET,P
Michael Crotta,PIT,P
Aaron Crow,KC,P
Francisco Cruceta,DET,P
Juan Cruz,PIT,P
Luis Cruz,HOU,P
Rhiner Cruz,HOU,P
Darwin Cubillan,BAL,P
Johnny Cueto,CIN,P
Brandon Cumpton,PIT,P
Matt Daley,NYY,P
John Danks,CWS,P
Logan Darnell,MIN,P
Yu Darvish,TEX,P
Kyle Davies,KC,P
Doug Davis,CHC,P
Erik Davis,WSH,P
Wade Davis,KC,P
Grant Dayton,MIA,P
Justin De Fratus,PHI,P
Frankie De La Cruz,CHC,P
Dane De La Rosa,LAA,P
Eury De La Rosa,ARI,P
Jorge De La Rosa,COL,P
Rubby De La Rosa,BOS,P
Jose De La Torre,MIL,P
Jorge De Leon,HOU,P
Fautino De Los Santos,SD,P
Frank De Los Santos,CWS,P
Miguel De Los Santos,MIL,P
Jorge De Paula,NYY,P
Jose De Paula,SF,P
Cole De Vries,MIN,P
Samuel Deduno,MIN,P
Jacob deGrom,NYM,P
Enerio Del Rosario,HOU,P
Steve Delabar,TOR,P
Rob Delaney,TB,P
Manny Delcarmen,COL,P
Jesus Delgado,MIA,P
Randall Delgado,ARI,P
Sam Demel,NYY,P
Ryan Dempster,BOS,P
Julio DePaula,MIN,P
Matt DeSalvo,ATL,P
Ross Detwiler,WSH,P
Joey Devine,OAK,P
Scott Diamond,MIN,P
R.A. Dickey,TOR,P
Brandon Dickson,STL,P
Jake Diekman,PHI,P
Tim Dillard,MIL,P
Lenny DiNardo,KC,P
Rafael Dolis,CHC,P
Freddy Dolsi,CWS,P
Jose Dominguez,LAD,P
Sean Doolittle,OAK,P
Octavio Dotel,DET,P
Felix Doubront,BOS,P
Darin Downs,HOU,P
Scott Downs,CWS,P
Kyle Drabek,TOR,P
Brandon Duckworth,KC,P
Brian Duensing,MIN,P
Danny Duffy,KC,P
Zach Duke,MIL,P
Phil Dumatrait,MIN,P
Mike Dunn,MIA,P
Jake Dunning,SF,P
Chad Durbin,PHI,P
J.D. Durbin,PHI,P
Chris Dwyer,KC,P
Sam Dyson,MIA,P
Josh Edgin,NYM,P
Steve Edlefsen,SF,P
Jack Egbert,NYM,P
Mike Ekstrom,COL,P
Scott Elarton,CLE,P
Scott Elbert,LAD,P
Roenis Elias,SEA,P
John Ely,HOU,P
Barry Enright,LAA,P
Nathan Eovaldi,MIA,P
Cody Eppley,NYY,P
Robbie Erlin,SD,P
Edgmer Escalona,BAL,P
Sergio Escalona,HOU,P
Edwin Escobar,SF,P
Kelvim Escobar,MIL,P
Geno Espineli,SF,P
Horacio Estrada,COL,P
Marco Estrada,MIL,P
Seth Etherton,OAK,P
Dana Eveland,BAL,P
Willie Eyre,BAL,P
Jeurys Familia,NYM,P
Kyle Farnsworth,NYM,P
Danny Farquhar,SEA,P
Ryan Feierabend,PHI,P
Scott Feldman,HOU,P
Pedro Feliciano,NYM,P
Neftali Feliz,TEX,P
Anthony Fernandez,SEA,P
Jose Fernandez,MIA,P
Raul Fernandez,COL,P
C.J. Fick,HOU,P
Josh Fields,HOU,P
Casey Fien,MIN,P
Mike Fiers,MIL,P
Stephen Fife,LAD,P
Alfredo Figaro,MIL,P
Nelson Figueroa,TOR,P
Pedro Figueroa,TEX,P
Carlos Fisher,CIN,P
Doug Fister,WSH,P
Kendry Flores,SF,P
Gavin Floyd,ATL,P
Brian Flynn,MIA,P
Wilmer Font,TEX,P
Eric Fornataro,STL,P
Casey Fossum,NYM,P
Matt Fox,BOS,P
Jeff Francis,COL,P
Frank Francisco,NYM,P
Jason Frasor,TEX,P
Justin Freeman,CIN,P
Sam Freeman,STL,P
Luke French,SEA,P
Christian Friedrich,COL,P
Ernesto Frieri,LAA,P
Brian Fuentes,STL,P
Kyuji Fujikawa,CHC,P
Jeff Fulchino,SD,P
Charlie Furbush,SEA,P
Armando Gabino,BAL,P
Armando Galarraga,TEX,P
Sean Gallagher,PIT,P
Yovani Gallardo,MIL,P
Victor Garate,WSH,P
Christian Garcia,WSH,P
Freddy Garcia,ATL,P
Harvey Garcia,LAD,P
Jaime Garcia,STL,P
Luis Garcia,PHI,P
Onelki Garcia,LAD,P
Yimi Garcia,LAD,P
Jon Garland,COL,P
Steve Garrison,BAL,P
Matt Garza,MIL,P
John Gast,STL,P
John Gaub,STL,P
Chad Gaudin,PHI,P
Kevin Gausman,BAL,P
Cory Gearrin,ATL,P
Dillon Gee,NYM,P
Josh Geer,SD,P
Steve Geltz,LAA,P
Franklyn German,TEX,P
Justin Germano,TOR,P
Gonzalez Germen,NYM,P
Sammy Gervacio,HOU,P
Kyle Gibson,MIN,P
Gary Glover,DET,P
Jimmy Gobble,CWS,P
Graham Godfrey,OAK,P
Erik Goeddel,NYM,P
Brandon Gomes,TB,P
Jeanmar Gomez,PIT,P
Dicky Gonzalez,TB,P
Edgar Gonzalez,HOU,P
Enrique Gonzalez,DET,P
Gio Gonzalez,WSH,P
Michael Gonzalez,WSH,P
Miguel Gonzalez,BAL,P
Miguel Alfredo Gonzalez,PHI,P
Brian Gordon,NYY,P
Tom Gorzelanny,MIL,P
John Grabow,LAD,P
Jeff Gray,MIN,P
Sonny Gray,OAK,P
Sean Green,MIL,P
Shane Greene,NYY,P
Luke Gregerson,OAK,P
Kevin Gregg,CHC,P
Zack Greinke,LAD,P
A.J. Griffin,OAK,P
Jason Grilli,PIT,P
Justin Grimm,CHC,P
Javy Guerra,CWS,P
Matt Guerrier,MIN,P
Ismael Guillon,CIN,P
Preston Guilmet,BAL,P
Jeremy Guthrie,KC,P
Juan Gutierrez,SF,P
Angel Guzman,CHC,P
Eric Hacker,SF,P
Charlie Haeger,LAD,P
Nick Hagadone,CLE,P
Jesse Hahn,SD,P
David Hale,ATL,P
Brooks Hall,MIL,P
Roy Halladay,PHI,P
Mark Hamburger,HOU,P
Cole Hamels,PHI,P
Jason Hammel,CHC,P
Justin Hampson,NYM,P
Erik Hamren,SD,P
Brad Hand,MIA,P
Donovan Hand,MIL,P
Joel Hanrahan,BOS,P
Craig Hansen,PIT,P
Tommy Hanson,TEX,P
J.A. Happ,TOR,P
Aaron Harang,ATL,P
Rich Harden,OAK,P
Dan Haren,LAD,P
Lucas Harrell,HOU,P
Will Harris,ARI,P
Matt Harrison,TEX,P
Kevin Hart,PIT,P
Matt Harvey,NYM,P
Chris Hatcher,MIA,P
LaTroy Hawkins,COL,P
Blake Hawksworth,LAD,P
Deunte Heath,CWS,P
Jeremy Hefner,NYM,P
Aaron Heilman,SEA,P
Jeremy Hellickson,TB,P
Johnny Hellweg,MIL,P
Heath Hembree,SF,P
Jim Henderson,MIL,P
Mark Hendrickson,BAL,P
Liam Hendriks,TOR,P
Sean Henn,NYM,P
Clay Hensley,WSH,P
David Hernandez,ARI,P
Felix Hernandez,SEA,P
Fernando Hernandez,OAK,P
Livan Hernandez,MIL,P
Pedro Hernandez,MIN,P
Roberto Hernandez,PHI,P
Runelvys Hernandez,HOU,P
Yoel Hernandez,PHI,P
David Herndon,NYY,P
Alex Herrera,CLE,P
Daniel Herrera,NYM,P
Kelvin Herrera,KC,P
Yoslan Herrera,LAA,P
Frank Herrmann,CLE,P
Rich Hill,CLE,P
Shawn Hill,TOR,P
Alex Hinshaw,CHC,P
Luke Hochevar,KC,P
Jim Hoey,TOR,P
Derek Holland,TEX,P
Greg Holland,KC,P
Mario Hollands,PHI,P
David Holmberg,CIN,P
J.J. Hoover,CIN,P
Jeremy Horst,PHI,P
Tommy Hottovy,TOR,P
D.J. Houlton,LAD,P
T.J. House,CLE,P
James Houser,MIA,P
J.P. Howell,LAD,P
Jon Huber,SEA,P
Daniel Hudson,ARI,P
Tim Hudson,SF,P
David Huff,SF,P
Dusty Hughes,MIN,P
Jared Hughes,PIT,P
Phil Hughes,MIN,P
Danny Hultzen,SEA,P
Philip Humber,HOU,P
Tommy Hunter,BAL,P
Eric Hurley,LAA,P
Drew Hutchison,TOR,P
Colt Hynes,LAD,P
Edgar Ibarra,MIN,P
Ryota Igarashi,NYY,P
Gregory Infante,CWS,P
Phil Irwin,PIT,P
Hisashi Iwakuma,SEA,P
Edwin Jackson,CHC,P
Zach Jackson,CLE,P
Juan Jaime,ATL,P
Chris Jakubauskas,BAL,P
Chuck James,MIN,P
Kenley Jansen,LAD,P
Casey Janssen,TOR,P
Jeremy Jeffress,TOR,P
Chad Jenkins,TOR,P
Dan Jennings,MIA,P
Kevin Jepsen,LAA,P
Cesar Jimenez,PHI,P
Kelvin Jimenez,CWS,P
Ubaldo Jimenez,BAL,P
Waldis Joaquin,SF,P
Erik Johnson,CWS,P
Jim Johnson,OAK,P
Josh Johnson,SD,P
Kris Johnson,MIN,P
Mike Johnson,WSH,P
Steve Johnson,BAL,P
Tyler Johnson,STL,P
Hunter Jones,MIA,P
Nate Jones,CWS,P
Taylor Jordan,WSH,P
Donnie Joseph,KC,P
Josh Judy,CIN,P
Eric Junge,CIN,P
Jair Jurrjens,BAL,P
Tommy Kahnle,COL,P
Nate Karns,TB,P
Jeff Karstens,PIT,P
Scott Kazmir,OAK,P
Randy Keisler,STL,P
Shawn Kelley,NYY,P
Casey Kelly,SD,P
Joe Kelly,STL,P
Kyle Kendrick,PHI,P
Ian Kennedy,SD,P
Logan Kensing,COL,P
Bob Keppel,MIN,P
Clayton Kershaw,LAD,P
Dallas Keuchel,HOU,P
Mike Kickham,SF,P
Cole Kimball,WSH,P
Craig Kimbrel,ATL,P
Josh Kinney,SEA,P
Brandon Kintzler,MIL,P
Michael Kirkman,TEX,P
Corey Kluber,CLE,P
Tom Koehler,MIA,P
Michael Kohn,LAA,P
George Kontos,SF,P
Dae-Sung Koo,NYM,P
Bobby Korecky,TOR,P
Zach Kroenke,ARI,P
Ian Krol,DET,P
Eddie Kunz,NYM,P
Hung-Chih Kuo,SEA,P
Hiroki Kuroda,NYY,P
John Lackey,BOS,P
Aaron Laffey,BAL,P
Bobby LaFromboise,SD,P
John Lamb,KC,P
Jason Lane,MIN,P
Matt Langwell,ARI,P
John Lannan,NYM,P
Mat Latos,CIN,P
Tommy Layne,SD,P
Brent Leach,LAD,P
Brandon League,LAD,P
Mike Leake,CIN,P
Wade LeBlanc,HOU,P
Sam LeCure,CIN,P
Wil Ledezma,DET,P
C.C. Lee,CLE,P
Cliff Lee,PHI,P
Charlie Leesman,CWS,P
Justin Lehr,CIN,P
Arnold Leon,OAK,P
Dominic Leone,SEA,P
Chris Leroux,PIT,P
Jon Lester,BOS,P
Colby Lewis,TEX,P
Jensen Lewis,CLE,P
Rommie Lewis,TOR,P
Brad Lidge,WSH,P
Ted Lilly,LAD,P
Chang-Yong Lim,CHC,P
Tim Lincecum,SF,P
Brad Lincoln,PHI,P
Josh Lindblom,OAK,P
Shane Lindsay,CWS,P
Matt Lindstrom,CWS,P
Scott Linebrink,STL,P
Jon Link,LAD,P
Francisco Liriano,PIT,P
Pedro Liriano,PHI,P
Jesse Litsch,TOR,P
Bobby Livingston,CIN,P
Radhames Liz,SD,P
Chia-Jen Lo,HOU,P
Kyle Lobstein,DET,P
Jeff Locke,PIT,P
Kameron Loe,SF,P
Boone Logan,COL,P
Kyle Lohse,MIL,P
Aquilino Lopez,DET,P
Arturo Lopez,NYM,P
Javier Lopez,SF,P
Rodrigo Lopez,PHI,P
Wilton Lopez,COL,P
Aaron Loup,TOR,P
Shane Loux,SF,P
Derek Lowe,TEX,P
Mark Lowe,TB,P
Devon Lowery,KC,P
Cory Luebke,SD,P
Josh Lueke,TB,P
Lucas Luetge,SEA,P
Jordan Lyles,COL,P
Lance Lynn,STL,P
Brandon Lyon,NYM,P
Tyler Lyons,STL,P
Mike MacDougal,LAD,P
Jean Machi,SF,P
Evan MacLane,STL,P
Warner Madrigal,TEX,P
Ryan Madson,LAA,P
Matt Magill,LAD,P
Trystan Magnuson,TOR,P
Paul Maholm,LAD,P
John Maine,MIA,P
Scott Maine,MIA,P
Gary Majewski,HOU,P
Matt Maloney,MIN,P
Seth Maness,STL,P
Jeff Manship,PHI,P
Shaun Marcum,NYM,P
Jhan Marinez,CWS,P
Michael Mariot,KC,P
Justin Marks,KC,P
Carlos Marmol,MIA,P
Nick Maronde,LAA,P
Jeff Marquez,NYY,P
Jason Marquis,SD,P
Brett Marshall,CIN,P
Sean Marshall,CIN,P
Luis Marte,DET,P
Victor Marte,STL,P
Ethan Martin,PHI,P
J.D. Martin,TB,P
Jarret Martin,LAD,P
Carlos Martinez,STL,P
Cristhian Martinez,ATL,P
David Martinez,HOU,P
Joe Martinez,CLE,P
Nick Martinez,TEX,P
Shairon Martis,MIN,P
Nick Masset,CIN,P
Justin Masterson,CLE,P
Frank Mata,BAL,P
Julio Mateo,PHI,P
Marcos Mateo,ARI,P
Scott Mathieson,PHI,P
Doug Mathis,TEX,P
Osiris Matos,SF,P
Daisuke Matsuzaka,NYM,P
Ryan Mattheus,WSH,P
Brian Matusz,BAL,P
Steven Matz,NYM,P
Tyler Matzek,COL,P
Brandon Maurer,SEA,P
Trevor May,MIN,P
Yunesky Maya,WSH,P
Vin Mazzaro,PIT,P
Zach McAllister,CLE,P
Brandon McCarthy,ARI,P
Kyle McClellan,TEX,P
Mike McClendon,COL,P
Seth McClung,PIT,P
Daniel McCutchen,TEX,P
James McDonald,CHC,P
T.J. McFarland,BAL,P
Jake McGee,TB,P
Dustin McGowan,TOR,P
Deck McGuire,TOR,P
Collin McHugh,HOU,P
Kyle McPherson,PIT,P
Yoervis Medina,SEA,P
Kris Medlen,ATL,P
Evan Meek,BAL,P
Jenrry Mejia,NYM,P
Mark Melancon,PIT,P
Jon Meloan,OAK,P
Adalberto Mendez,MIA,P
Roman Mendez,TEX,P
Luis Mendoza,KC,P
Ramiro Mendoza,BOS,P
Melvin Mercedes,DET,P
Randy Messenger,SEA,P
Jose Mijares,BOS,P
Miles Mikolas,TEX,P
Wade Miley,ARI,P
Andrew Miller,BOS,P
Jim Miller,NYY,P
Justin Miller,DET,P
Shelby Miller,STL,P
Trever Miller,CHC,P
Brad Mills,TEX,P
Kevin Millwood,SEA,P
Tommy Milone,OAK,P
Zach Miner,PHI,P
Mike Minor,ATL,P
Pat Misch,NYM,P
Bryan Mitchell,NYY,P
D.J. Mitchell,SEA,P
Sergio Mitre,NYY,P
Garrett Mock,BOS,P
Nestor Molina,CWS,P
Carlos Monasterios,LAD,P
Mike Montgomery,TB,P
Matt Moore,TB,P
Franklin Morales,COL,P
Brian Moran,LAA,P
Edwin Moreno,BOS,P
Orber Moreno,KC,P
Juan Morillo,MIN,P
Bryan Morris,PIT,P
Brandon Morrow,TOR,P
Clayton Mortensen,BOS,P
Charlie Morton,PIT,P
Guillermo Moscoso,SF,P
Dustin Moseley,SD,P
Daniel Moskos,CWS,P
Guillermo Mota,KC,P
Jason Motte,STL,P
Jamie Moyer,COL,P
Peter Moylan,HOU,P
Edward Mujica,BOS,P
Mark Mulder,LAA,P
Scott Munter,SF,P
Bill Murphy,TOR,P
Brett Myers,CLE,P
Chris Narveson,MIL,P
Joe Nathan,DET,P
Jimmy Nelson,MIL,P
Pat Neshek,STL,P
Fu-Te Ni,LAD,P
Juan Nicasio,COL,P
Jeff Niemann,TB,P
Jon Niese,NYM,P
Fernando Nieve,CLE,P
C.J. Nitkowski,WSH,P
Hector Noesi,TEX,P
Ricky Nolasco,MIN,P
Sean Nolin,TOR,P
Jordan Norberto,OAK,P
Bud Norris,BAL,P
Aaron Northcraft,ATL,P
Ivan Nova,NYY,P
Roberto Novoa,CHC,P
Jhonny Nunez,CWS,P
Vidal Nuno,NYY,P
Michael O'Connor,NYM,P
Darren O'Day,BAL,P
Eric O'Flaherty,OAK,P
Sean O'Sullivan,SD,P
Brett Oberholtzer,HOU,P
Wirfin Obispo,ATL,P
Jake Odorizzi,TB,P
Alexi Ogando,TEX,P
Tomo Ohka,TOR,P
Ross Ohlendorf,WSH,P
Will Ohman,WSH,P
Hideki Okajima,OAK,P
Andy Oliver,PIT,P
Darren Oliver,TOR,P
Lester Oliveros,MIN,P
Edgar Olmos,MIA,P
Scott Olsen,PIT,P
Garrett Olson,OAK,P
Brian Omogrosso,CWS,P
Logan Ondrusek,CIN,P
Juan Pablo Oramas,SD,P
Anthony Ortega,LAA,P
Jose Ortega,DET,P
Joseph Ortiz,TEX,P
Ramon Ortiz,TOR,P
Franquelis Osoria,PIT,P
Roy Oswalt,COL,P
Dan Otero,OAK,P
Adam Ottavino,COL,P
Josh Outman,CLE,P
Juan Carlos Oviedo,TB,P
Rudy Owens,HOU,P
Micah Owings,SD,P
Chris Oxspring,SD,P
Juan Padilla,NYM,P
Vicente Padilla,BOS,P
Matt Palmer,SD,P
Jonathan Papelbon,PHI,P
Mike Parisi,CHC,P
Blake Parker,CHC,P
Jarrod Parker,OAK,P
Bobby Parnell,NYM,P
Manny Parra,CIN,P
Curtis Partch,CIN,P
Joe Paterson,ARI,P
Scott Patterson,SD,P
Troy Patton,BAL,P
David Pauley,TOR,P
Felipe Paulino,CWS,P
Carl Pavano,MIN,P
James Paxton,SEA,P
Brad Peacock,HOU,P
Jake Peavy,BOS,P
Jailen Peguero,TEX,P
Mike Pelfrey,MIN,P
Ariel Pena,MIL,P
Ramon Pena,CWS,P
Lance Pendleton,HOU,P
Brad Penny,KC,P
Joel Peralta,TB,P
Wily Peralta,MIL,P
Luis Perdomo,MIN,P
Carlos Perez,LAD,P
Carlos Perez,ATL,P
Chris Perez,LAD,P
Juan Perez,TOR,P
Luis Perez,TOR,P
Martin Perez,TEX,P
Oliver Perez,ARI,P
Rafael Perez,CLE,P
Glen Perkins,MIN,P
Ryan Perry,WSH,P
Vinnie Pestano,CLE,P
Yusmeiro Petit,SF,P
Jake Petricka,CWS,P
Jonathan Pettibone,PHI,P
Andy Pettitte,NYY,P
David Phelps,NYY,P
Zach Phillips,MIA,P
Stolmy Pimentel,PIT,P
Michael Pineda,NYY,P
Joel Pineiro,PHI,P
Renyel Pinto,MIA,P
Drew Pomeranz,OAK,P
Stu Pomeranz,BAL,P
Rick Porcello,DET,P
Aaron Poreda,TEX,P
Ryan Pressly,MIN,P
Bryan Price,CLE,P
David Price,TB,P
Mark Prior,SD,P
Stephen Pryor,SEA,P
David Purcey,CWS,P
Matt Purke,WSH,P
Luke Putkonen,DET,P
Zach Putnam,CWS,P
J.J. Putz,ARI,P
Chad Qualls,HOU,P
Jose Quintana,CWS,P
Brooks Raley,MIN,P
Elvin Ramirez,PIT,P
Erasmo Ramirez,SEA,P
J.C. Ramirez,PHI,P
Jose Ramirez,NYY,P
Neil Ramirez,CHC,P
Ramon Ramirez,SF,P
Ramon A. Ramirez,BOS,P
Roberto Ramirez,COL,P
A.J. Ramos,MIA,P
Cesar Ramos,TB,P
Anthony Ranaudo,BOS,P
Clay Rapada,LAA,P
Cory Rasmus,LAA,P
Rob Rasmussen,TOR,P
Jon Rauch,KC,P
Chris Ray,SEA,P
Ken Ray,KC,P
Robert Ray,TOR,P
Tim Redding,NYM,P
Todd Redmond,TOR,P
Addison Reed,ARI,P
Evan Reed,DET,P
Ryan Reid,NYM,P
Chad Reineke,CIN,P
Chris Resop,OAK,P
Anthony Reyes,CLE,P
Dennys Reyes,BAL,P
Jo-Jo Reyes,LAA,P
Greg Reynolds,CIN,P
Matt Reynolds,ARI,P
Scott Rice,NYM,P
Clayton Richard,SD,P
Garrett Richards,LAA,P
Dustin Richardson,ATL,P
Scott Richmond,TOR,P
C.J. Riefenhauser,TB,P
Andre Rienzo,CWS,P
Juan Rincon,COL,P
Ricardo Rincon,NYM,P
Royce Ring,NYY,P
Mariano Rivera,NYY,P
Saul Rivera,ARI,P
Felipe Rivero,WSH,P
Donn Roach,SD,P
Tanner Roark,WSH,P
David Robertson,NYY,P
Nate Robertson,PHI,P
Tyler Robertson,WSH,P
Mauricio Robles,PHI,P
Fernando Rodney,SEA,P
Aneury Rodriguez,HOU,P
Fernando Rodriguez,OAK,P
Francisco Rodriguez,LAA,P
Francisco Rodriguez,MIL,P
Henry Rodriguez,CHC,P
Joely Rodriguez,PIT,P
Nerio Rodriguez,CLE,P
Paco Rodriguez,LAD,P
Rafael Rodriguez,ARI,P
Wandy Rodriguez,PIT,P
Chaz Roe,TEX,P
Josh Roenicke,MIN,P
Chad Rogers,CIN,P
Esmil Rogers,TOR,P
Mark Rogers,MIL,P
Enny Romero,TB,P
J.C. Romero,BAL,P
Ricky Romero,TOR,P
Sergio Romo,SF,P
Bruce Rondon,DET,P
Hector Rondon,CHC,P
Jorge Rondon,STL,P
Carlos Rosa,ARI,P
Leo Rosales,ARI,P
Francisco Rosario,KC,P
Sandy Rosario,SF,P
B.J. Rosenberg,PHI,P
Trevor Rosenthal,STL,P
Seth Rosin,TEX,P
Robbie Ross Jr.,TEX,P
Tyson Ross,SD,P
Zac Rosscup,CHC,P
Michael Roth,LAA,P
Ben Rowen,TEX,P
Ryan Rowland-Smith,ARI,P
Chance Ruffin,SEA,P
Rich Rundles,CLE,P
Dan Runzler,SF,P
Chris Rusin,CHC,P
Adam Russell,ARI,P
James Russell,CHC,P
Hyun-Jin Ryu,LAD,P
Marc Rzepczynski,CLE,P
CC Sabathia,NYY,P
Casey Sadler,PIT,P
Ryan Sadowski,HOU,P
Takashi Saito,ARI,P
Fernando Salas,LAA,P
Marino Salas,PIT,P
Danny Salazar,CLE,P
Chris Sale,CWS,P
Jeff Samardzija,CHC,P
Keyvius Sampson,SD,P
Alex Sanabia,ARI,P
Brian Sanches,PHI,P
Angel Sanchez,MIA,P
Anibal Sanchez,DET,P
Eduardo Sanchez,CHC,P
Jonathan Sanchez,PIT,P
Romulo Sanchez,LAD,P
Amauri Sanit,NYY,P
Ervin Santana,ATL,P
Johan Santana,NYM,P
Hector Santiago,LAA,P
Sergio Santos,TOR,P
Joe Saunders,TEX,P
Joe Savery,OAK,P
Rob Scahill,COL,P
Tanner Scheppers,TEX,P
Max Scherzer,DET,P
Daniel Schlereth,DET,P
Travis Schlichting,LAD,P
Brian Schlitter,CHC,P
Gus Schlosser,ATL,P
Bo Schultz,ARI,P
Mike Schultz,ARI,P
Michael Schwimer,TOR,P
Chris Schwinden,NYM,P
Evan Scribner,OAK,P
Chris Seddon,CLE,P
Zack Segovia,WSH,P
Jae Weong Seo,LAD,P
Leyson Septimo,CWS,P
Dan Serafini,COL,P
Alex Serrano,LAA,P
Atahualpa Severino,WSH,P
Kevin Shackelford,MIL,P
Bryan Shaw,CLE,P
Ben Sheets,ATL,P
George Sherrill,KC,P
James Shields,KC,P
Matt Shoemaker,LAA,P
Kevin Siegrist,STL,P
Carlos Silva,BOS,P
Jose Silva,CIN,P
Walter Silva,SD,P
Alfredo Simon,CIN,P
Tony Sipp,ARI,P
Andrew Sisco,SF,P
Kraig Sitton,COL,P
Tyler Skaggs,LAA,P
Anthony Slama,MIN,P
Doug Slaten,PIT,P
Kevin Slowey,MIA,P
Burch Smith,SD,P
Chris Smith,MIL,P
Greg Smith,COL,P
Joe Smith,LAA,P
Jordan Smith,CIN,P
Will Smith,MIL,P
Drew Smyly,DET,P
Ian Snell,STL,P
Miguel Socolovich,CHC,P
Sammy Solis,WSH,P
Andy Sonnanstine,CHC,P
Joakim Soria,TEX,P
Rafael Soriano,WSH,P
Henry Sosa,HOU,P
Josh Spence,NYY,P
Zeke Spruill,ARI,P
Craig Stammen,WSH,P
Jason Standridge,KC,P
Daniel Stange,LAA,P
Tim Stauffer,SD,P
Mitch Stetter,TEX,P
Jeff Stevens,CIN,P
Zach Stewart,CWS,P
Josh Stinson,BAL,P
Drew Storen,WSH,P
Mickey Storey,TOR,P
Dan Straily,OAK,P
Stephen Strasburg,WSH,P
Huston Street,SD,P
Hunter Strickland,SF,P
Pedro Strop,CHC,P
Eric Stults,SD,P
Michael Stutes,PHI,P
Jeff Suppan,SD,P
Eric Surkamp,CWS,P
Anthony Swarzak,MIN,P
Brian Sweeney,ARI,P
R.J. Swindle,CLE,P
Hisanori Takahashi,CHC,P
Mitch Talbot,CLE,P
Brian Tallet,TOR,P
Masahiro Tanaka,NYY,P
Yoshinori Tateyama,TEX,P
Andrew Taylor,LAA,P
Graham Taylor,MIA,P
Junichi Tazawa,BOS,P
Everett Teaford,KC,P
Julio Teheran,ATL,P
Robinson Tejeda,KC,P
Nick Tepesch,TEX,P
Kanekoa Texeira,CIN,P
Joe Thatcher,ARI,P
Dale Thayer,SD,P
Caleb Thielbar,MIN,P
Brad Thomas,DET,P
Ian Thomas,ATL,P
Justin Thomas,NYY,P
Aaron Thompson,PIT,P
Brad Thompson,KC,P
Daryl Thompson,CIN,P
Rich Thompson,OAK,P
Tyler Thornburg,MIL,P
Matt Thornton,NYY,P
Erick Threets,CWS,P
Corey Thurman,CIN,P
Chris Tillman,BAL,P
Mason Tobin,TEX,P
Jess Todd,STL,P
Shawn Tolleson,TEX,P
Brett Tomko,TEX,P
Josh Tomlin,CLE,P
Michael Tonkin,MIN,P
Alex Torres,SD,P
Carlos Torres,NYM,P
Sean Tracey,BAL,P
Blake Treinen,WSH,P
Ramon Troncoso,CWS,P
Ryan Tucker,TEX,P
Nik Turley,NYY,P
Jacob Turner,MIA,P
Koji Uehara,BOS,P
Ugueth Urbina,PHI,P
Jose Urena,MIA,P
Raul Valdes,HOU,P
Cesar Valdez,ARI,P
Ismael Valdez,MIA,P
Jose Valdez,HOU,P
Jose Valdez,DET,P
Merkin Valdez,TEX,P
Jose Valverde,NYM,P
Rick van den Hurk,PIT,P
Claudio Vargas,MIL,P
Jason Vargas,KC,P
Anthony Varvaro,ATL,P
Anthony Vasquez,SEA,P
Esmerling Vasquez,MIN,P
Luis Vasquez,ATL,P
Virgil Vasquez,PIT,P
Javier Vazquez,MIA,P
Donnie Veal,CWS,P
Jonny Venters,ATL,P
Yordano Ventura,KC,P
Jose Veras,CHC,P
Ryan Verdugo,KC,P
Justin Verlander,DET,P
Carlos Villanueva,CHC,P
Elih Villanueva,MIA,P
Henry Villar,HOU,P
Brayan Villarreal,BOS,P
Oscar Villarreal,HOU,P
Pedro Villarreal,CIN,P
Nick Vincent,SD,P
Pedro Viola,BAL,P
Arodys Vizcaino,CHC,P
Luis Vizcaino,BAL,P
Ryan Vogelsong,SF,P
Edinson Volquez,PIT,P
Chris Volstad,LAA,P
Michael Wacha,STL,P
Cory Wade,TOR,P
Neil Wagner,TOR,P
Adam Wainwright,STL,P
Jordan Walden,ATL,P
Marcus Walden,OAK,P
Kyle Waldrop,MIN,P
Taijuan Walker,SEA,P
Josh Wall,LAA,P
Les Walrond,TOR,P
Jeff Walters,NYM,P
P.J. Walters,MIN,P
Chien-Ming Wang,TOR,P
Wei-Chung Wang,MIL,P
Adam Warren,NYY,P
Tony Watson,PIT,P
Jered Weaver,LAA,P
Daniel Webb,CWS,P
Ryan Webb,BAL,P
Thad Weber,TOR,P
Allen Webster,BOS,P
Kyle Weiland,HOU,P
Robbie Weinhardt,DET,P
Duke Welker,PIT,P
Jared Wells,SEA,P
Kip Wells,SD,P
Randy Wells,CHC,P
Andrew Werner,OAK,P
Matt West,TEX,P
Sean West,WSH,P
Jake Westbrook,STL,P
Dan Wheeler,CLE,P
Zack Wheeler,NYM,P
Kevin Whelan,NYY,P
Wes Whisler,CWS,P
Alex White,HOU,P
Sean White,BOS,P
Joe Wieland,SD,P
Tom Wilhelmsen,SEA,P
Adam Wilk,DET,P
Jerome Williams,HOU,P
Dontrelle Willis,PHI,P
Alex Wilson,BOS,P
Brian Wilson,LAD,P
C.J. Wilson,LAA,P
Justin Wilson,PIT,P
Chris Withrow,LAD,P
Asher Wojciechowski,HOU,P
Randy Wolf,SEA,P
Ross Wolf,TEX,P
Alex Wood,ATL,P
Blake Wood,CLE,P
Tim Wood,MIN,P
Travis Wood,CHC,P
Rob Wooten,MIL,P
Brandon Workman,BOS,P
Vance Worley,MIN,P
Mark Worrell,BAL,P
Chase Wright,MIL,P
Jamey Wright,LAD,P
Steven Wright,BOS,P
Wesley Wright,CHC,P
Michael Wuertz,MIA,P
Esteban Yan,CIN,P
Kirby Yates,TB,P
Michael Ynoa,OAK,P
Suk-min Yoon,BAL,P
Chris Young,SEA,P
Mike Zagurski,NYY,P
Carlos Zambrano,MIA,P
Victor Zambrano,BAL,P
Clay Zavada,CIN,P
Josh Zeid,HOU,P
Brad Ziegler,ARI,P
Jordan Zimmermann,WSH,P
Barry Zito,SF,P
Jose Abreu,CWS,1B
Matt Adams,STL,1B
Jesus Aguilar,CLE,1B
Brandon Allen,TEX,1B
Yonder Alonso,SD,1B
Lars Anderson,TOR,1B
Wes Bankston,OAK,1B
Daric Barton,OAK,1B
Aaron Bates,BOS,1B
Vince Belnome,TB,1B
Brandon Belt,SF,1B
Yuniesky Betancourt,MIL,1B
Russell Branyan,LAA,1B
Craig Brazell,KC,1B
Ben Broussard,TEX,1B
Jordan Brown,MIA,1B
Alex Cabrera,ARI,1B
Miguel Cabrera,DET,1B
Barbaro Canizares,ATL,1B
Jorge Cantu,SD,1B
Chris Carter,HOU,1B
Ji-Man Choi,SEA,1B
Jeff Clement,PIT,1B
Chris Colabello,MIN,1B
David Cooper,CLE,1B
Chris Davis,BAL,1B
Ike Davis,PIT,1B
Greg Dobbs,MIA,1B
Matt Downs,HOU,1B
Lucas Duda,NYM,1B
Adam Dunn,CWS,1B
Edwin Encarnacion,TOR,1B
Nick Evans,LAD,1B
Prince Fielder,TEX,1B
Juan Francisco,TOR,1B
Kevin Frandsen,WSH,1B
Freddie Freeman,ATL,1B
Nate Freiman,OAK,1B
Mat Gamel,ATL,1B
Ryan Garko,TEX,1B
Paul Goldschmidt,ARI,1B
Mauro Gomez,WSH,1B
Adrian Gonzalez,LAD,1B
Jesus Guzman,HOU,1B
Matt Hague,PIT,1B
Sean Halton,MIL,1B
Mark Hamilton,STL,1B
Eric Hosmer,KC,1B
Ryan Howard,PHI,1B
Justin Huber,MIN,1B
Rhyne Hughes,BAL,1B
Travis Ishikawa,PIT,1B
Mike Jacobs,SEA,1B
Dan Johnson,BAL,1B
Garrett Jones,MIA,1B
Kila Ka'aihue,OAK,1B
Paul Konerko,CWS,1B
Casey Kotchman,MIA,1B
Bryan LaHair,CHC,1B
Blake Lalli,MIL,1B
Ryan Langerhans,TOR,1B
Matt LaPorta,BAL,1B
Jeff Larish,BOS,1B
Adam LaRoche,WSH,1B
Carlos Lee,MIA,1B
Jordan Lennerton,DET,1B
Alex Liddi,BAL,1B
Adam Lind,TOR,1B
John Lindsey,LAD,1B
James Loney,TB,1B
Hector Luna,PHI,1B
Joe Mahoney,MIA,1B
Chris Marrero,WSH,1B
Joe Mauer,MIN,1B
Paul McAnulty,LAA,1B
Matt McBride,COL,1B
Chris McGuiness,PIT,1B
Tommy Medica,SD,1B
Ernesto Mejia,ATL,1B
Juan Miranda,ARI,1B
Jesus Montero,SEA,1B
Kendrys Morales,SEA,1B
Mitch Moreland,TEX,1B
Justin Morneau,COL,1B
Hunter Morris,MIL,1B
Logan Morrison,SEA,1B
Brandon Moss,OAK,1B
Mike Napoli,BOS,1B
Efren Navarro,LAA,1B
Brad Nelson,MIL,1B
Mike Olt,CHC,1B
Lyle Overbay,MIL,1B
Valentino Pascucci,NYM,1B
Carlos Pena,LAA,1B
Shane Peterson,OAK,1B
Brett Pill,SF,1B
Albert Pujols,LAA,1B
Mark Reynolds,MIL,1B
Carlos Rivera,PIT,1B
Anthony Rizzo,CHC,1B
Clint Robinson,TOR,1B
Jason Rogers,MIL,1B
Adam Rosales,TEX,1B
Randy Ruiz,TOR,1B
Rusty Ryal,LAD,1B
Gaby Sanchez,PIT,1B
Josh Satin,NYM,1B
Jon Singleton,HOU,1B
Justin Smoak,SEA,1B
Neftali Soto,CIN,1B
Nick Swisher,CLE,1B
Fernando Tatis,NYM,1B
Mark Teixeira,NYY,1B
Mario Valdez,OAK,1B
Kennys Vargas,MIN,1B
Angel Villalona,SF,1B
Joey Votto,CIN,1B
Brett Wallace,HOU,1B
Daryle Ward,CHC,1B
Ryan Wheeler,COL,1B
Ty Wigginton,MIA,1B
Tony Abreu,SF,2B
Ryan Adams,BAL,2B
Arismendy Alcantara,CHC,2B
Edgardo Alfonzo,TOR,2B
Jose Altuve,HOU,2B
Alfredo Amezaga,MIA,2B
Robert Andino,SEA,2B
Dean Anna,NYY,2B
Jeff Baker,MIA,2B
Josh Barfield,CLE,2B
Darwin Barney,CHC,2B
Gordon Beckham,CWS,2B
Tim Beckham,TB,2B
Brian Bixler,HOU,2B
Willie Bloomquist,SEA,2B
Emilio Bonifacio,CHC,2B
Emmanuel Burriss,SF,2B
Alberto Callaspo,OAK,2B
Robinson Cano,SEA,2B
Adrian Cardenas,CHC,2B
Alexi Casilla,BAL,2B
Ramon Castro,OAK,2B
Christian Colon,KC,2B
Brooks Conrad,TB,2B
Alex Cora,STL,2B
Charlie Culberson,COL,2B
Chase d'Arnaud,PIT,2B
Blake Davis,BAL,2B
Ivan De Jesus,BOS,2B
Travis Denker,BOS,2B
Derek Dietrich,MIA,2B
Brian Dinkelman,MIN,2B
Brian Dozier,MIN,2B
German Duran,HOU,2B
Mark Ellis,STL,2B
Brad Emaus,NYM,2B
Danny Espinosa,WSH,2B
Eric Farris,MIL,2B
Tommy Field,LAA,2B
Ryan Flaherty,BAL,2B
Wilmer Flores,NYM,2B
Mike Fontenot,WSH,2B
Logan Forsythe,TB,2B
Nick Franklin,SEA,2B
Rafael Furcal,MIA,2B
Freddy Galvis,PHI,2B
Leury Garcia,CWS,2B
Scooter Gennett,MIL,2B
Esteban German,TEX,2B
Chris Getz,KC,2B
Johnny Giavotella,KC,2B
Ryan Goins,TOR,2B
Edgar Gonzalez,SD,2B
Dee Gordon,LAD,2B
Philip Gosselin,ATL,2B
Ruben Gotay,TOR,2B
Grant Green,LAA,2B
Nick Green,MIA,2B
Tyler Greene,CWS,2B
Alex Guerrero,LAD,2B
Jedd Gyorko,SD,2B
Bill Hall,LAA,2B
Brad Harman,PHI,2B
Willie Harris,CIN,2B
Josh Harrison,PIT,2B
Anderson Hernandez,HOU,2B
Cesar Hernandez,PHI,2B
Aaron Hill,ARI,2B
Tug Hulett,BOS,2B
Omar Infante,KC,2B
Hernan Iribarren,TEX,2B
Maicer Izturis,TOR,2B
D'Angelo Jimenez,WSH,2B
Elliot Johnson,CLE,2B
Kelly Johnson,NYY,2B
Corban Joseph,NYY,2B
Matt Kata,HOU,2B
Howie Kendrick,LAA,2B
Adam Kennedy,LAD,2B
Jeff Keppinger,CWS,2B
Ian Kinsler,DET,2B
Jason Kipnis,CLE,2B
DJ LeMahieu,COL,2B
Steve Lombardozzi,BAL,2B
Felipe Lopez,MIL,2B
Jose Lopez,CWS,2B
Mendy Lopez,KC,2B
Julio Lugo,ATL,2B
Henry Mateo,WSH,2B
Kazuo Matsui,HOU,2B
Mike McCoy,TOR,2B
John McDonald,LAA,2B
Daniel Murphy,NYM,2B
Donnie Murphy,TEX,2B
Yamaico Navarro,BAL,2B
Tsuyoshi Nishioka,MIN,2B
Nick Noonan,SF,2B
Jose Ortiz,COL,2B
Pablo Ozuna,LAD,2B
Tyler Pastornicky,ATL,2B
Eric Patterson,CWS,2B
Dustin Pedroia,BOS,2B
Ramiro Pena,ATL,2B
Hernan Perez,DET,2B
Cord Phelps,BAL,2B
Brandon Phillips,CIN,2B
Jorge Polanco,MIN,2B
Jurickson Profar,TEX,2B
Jose Ramirez,CLE,2B
Anthony Rendon,WSH,2B
Argenis Reyes,NYM,2B
Will Rhymes,TB,2B
Brian Roberts,NYY,2B
Oscar Robles,PHI,2B
Henry Rodriguez,CIN,2B
Luis Rodriguez,SEA,2B
Niuman Romero,COL,2B
Josh Rutledge,COL,2B
Oscar Salazar,SD,2B
Angel Sanchez,CWS,2B
Carlos Sanchez,CWS,2B
Freddy Sanchez,SF,2B
Ramon Santiago,CIN,2B
Bobby Scales,CHC,2B
Jonathan Schoop,BAL,2B
Skip Schumaker,CIN,2B
Marco Scutaro,SF,2B
Scott Sizemore,NYY,2B
Eric Sogard,OAK,2B
Donovan Solano,MIA,2B
Yangervis Solarte,NYY,2B
Miguel Tejada,KC,2B
Ryan Theriot,SF,2B
Joe Thurston,MIL,2B
Matt Tolbert,MIN,2B
Dan Uggla,ATL,2B
Chase Utley,PHI,2B
Chris Valaika,MIA,2B
Eugenio Velez,LAD,2B
Neil Walker,PIT,2B
Logan Watkins,CHC,2B
Jemile Weeks,BAL,2B
Rickie Weeks,MIL,2B
Kolten Wong,STL,2B
Lance Zawadzki,KC,2B
Ben Zobrist,TB,2B
Cristhian Adames,COL,SS
Ehire Adrianza,SF,SS
Elvis Andrus,TEX,SS
Erisbel Arruebarrena,LAD,SS
Erick Aybar,LAA,SS
Clint Barmes,PIT,SS
Jason Bartlett,MIN,SS
Doug Bernier,MIN,SS
Angel Berroa,NYM,SS
Andres Blanco,WSH,SS
Brian Bocock,PHI,SS
Xander Bogaerts,BOS,SS
Reid Brignac,NYY,SS
Asdrubal Cabrera,CLE,SS
Everth Cabrera,SD,SS
Starlin Castro,CHC,SS
Ronny Cedeno,PHI,SS
Alex Cintron,WSH,SS
Pedro Ciriaco,KC,SS
Zack Cozart,CIN,SS
Brandon Crawford,SF,SS
Daniel Descalso,STL,SS
Ian Desmond,WSH,SS
Aledmys Diaz,STL,SS
Argenis Diaz,PIT,SS
Jonathan Diaz,TOR,SS
Juan Diaz,CLE,SS
Brent Dlugach,BOS,SS
Stephen Drew,BOS,SS
Jake Elmore,OAK,SS
Alcides Escobar,KC,SS
Eduardo Escobar,MIN,SS
Yunel Escobar,TB,SS
Luis Figueroa,PIT,SS
Pedro Florimon,MIN,SS
Greg Garcia,STL,SS
Jerry Gil,CIN,SS
Hector Gomez,MIL,SS
Alberto Gonzalez,NYY,SS
Alex Gonzalez,DET,SS
Andy Gonzalez,CWS,SS
Marwin Gonzalez,HOU,SS
Didi Gregorius,ARI,SS
Alen Hanson,PIT,SS
J.J. Hardy,BAL,SS
Brendan Harris,LAA,SS
Adeiny Hechavarria,MIA,SS
Luis Hernandez,TEX,SS
Elian Herrera,MIL,SS
Jonathan Herrera,BOS,SS
Rosell Herrera,COL,SS
Brandon Hicks,SF,SS
Chin-lung Hu,CLE,SS
Jose Iglesias,DET,SS
Cesar Izturis,HOU,SS
Derek Jeter,NYY,SS
Munenori Kawasaki,TOR,SS
Pete Kozma,STL,SS
Hak-Ju Lee,TB,SS
Jed Lowrie,OAK,SS
Tommy Manzella,ARI,SS
Ozzie Martinez,CWS,SS
Edwin Maysonet,MIL,SS
Luis Maza,LAD,SS
Jordy Mercer,PIT,SS
Brad Miller,SEA,SS
Oswaldo Navarro,HOU,SS
Jayson Nix,PHI,SS
Eduardo Nunez,MIN,SS
Ray Olmedo,CWS,SS
Chris Owings,ARI,SS
Andy Parrino,TEX,SS
Tony Pena Jr.,KC,SS
Cliff Pennington,ARI,SS
Jhonny Peralta,STL,SS
Tomas Perez,CHC,SS
Gregorio Petit,SD,SS
Nick Punto,OAK,SS
Omar Quintanilla,NYM,SS
Alexei Ramirez,CWS,SS
Hanley Ramirez,LAD,SS
Edgar Renteria,CIN,SS
Elmer Reyes,ATL,SS
Jose Reyes,TOR,SS
Josh Rodriguez,PIT,SS
Jimmy Rollins,PHI,SS
Andrew Romine,DET,SS
Brendan Ryan,NYY,SS
Danny Santana,MIN,SS
Luis Sardinas,TEX,SS
Jean Segura,MIL,SS
Justin Sellers,CLE,SS
Andrelton Simmons,ATL,SS
Eugenio Suarez,DET,SS
Ruben Tejada,NYM,SS
Wilfredo Tovar,NYM,SS
Carlos Triunfel,LAD,SS
Troy Tulowitzki,COL,SS
Luis Ugueto,SEA,SS
Wilson Valdez,SF,SS
Ramon Vazquez,PIT,SS
Jonathan Villar,HOU,SS
Zach Walters,WSH,SS
Jack Wilson,ATL,SS
Josh Wilson,TEX,SS
Brandon Wood,SD,SS
David Adams,BAL,3B
Michael Almanzar,BAL,3B
Pedro Alvarez,PIT,3B
Nolan Arenado,COL,3B
Joaquin Arias,SF,3B
Cody Asche,PHI,3B
Mike Aviles,CLE,3B
Jeff Baisley,OAK,3B
Brian Barden,MIA,3B
Josh Bell,LAD,3B
Adrian Beltre,TEX,3B
Wilson Betemit,BAL,3B
Jeff Bianchi,MIL,3B
Casey Blake,COL,3B
Josh Booty,MIA,3B
Matthew Brown,LAA,3B
Sean Burroughs,MIN,3B
Russ Canzler,PIT,3B
Matt Carpenter,STL,3B
Jamey Carroll,WSH,3B
Pedro Castellano,COL,3B
Nick Castellanos,DET,3B
Jose Castillo,HOU,3B
Garin Cecchini,BOS,3B
Mike Cervenak,PHI,3B
Angel Chavez,SF,3B
Eric Chavez,ARI,3B
Lonnie Chisenhall,CLE,3B
Mike Costanzo,CIN,3B
Bobby Crosby,MIL,3B
Luis Alfonso Cruz,NYY,3B
Cheslor Cuthbert,KC,3B
Matt Davidson,CWS,3B
Yurendell de Caster,PIT,3B
Blake DeWitt,ATL,3B
Matt Dominguez,HOU,3B
Jason Donald,CIN,3B
Josh Donaldson,OAK,3B
Adam Duvall,SF,3B
Irving Falu,KC,3B
Pedro Feliz,KC,3B
Jose Fernandez,LAA,3B
Josh Fields,PIT,3B
Chone Figgins,LAD,3B
Todd Frazier,CIN,3B
David Freese,LAA,3B
Conor Gillaspie,CWS,3B
Erik Gonzalez,CLE,3B
Taylor Green,MIL,3B
Joel Guzman,TB,3B
Jerry Hairston,LAD,3B
Jack Hannahan,CIN,3B
Chase Headley,SD,3B
Diory Hernandez,ATL,3B
Mike Hessman,NYM,3B
Jarrett Hoffpauir,SD,3B
Michael Hollimon,DET,3B
Brock Holt,BOS,3B
Orlando Hudson,CWS,3B
Luke Hughes,OAK,3B
Brandon Inge,PIT,3B
Ryan Jackson,SD,3B
Paul Janish,ATL,3B
Luis Jimenez,LAA,3B
Chris Johnson,ATL,3B
Kevin Kouzmanoff,TEX,3B
Brandon Laird,KC,3B
Andy LaRoche,TOR,3B
Brett Lawrie,TOR,3B
Brent Lillibridge,NYY,3B
Evan Longoria,TB,3B
Pedro Lopez,WSH,3B
Ed Lucas,MIA,3B
Zach Lutz,NYM,3B
Manny Machado,BAL,3B
Matt Mangini,CIN,3B
Andy Marte,CLE,3B
Francisco Martinez,DET,3B
Marshall McDougall,TEX,3B
Casey McGehee,MIA,3B
Dallas McPherson,LAD,3B
Will Middlebrooks,BOS,3B
Russell Mitchell,LAD,3B
Scott Moore,HOU,3B
Brent Morel,PIT,3B
Mike Moustakas,KC,3B
Chris Nelson,CIN,3B
Pete Orr,PHI,3B
Willis Otanez,TOR,3B
Jimmy Paredes,KC,3B
Trevor Plouffe,MIN,3B
Placido Polanco,MIA,3B
Martin Prado,ARI,3B
Aramis Ramirez,MIL,3B
Cody Ransom,CHC,3B
Danny Richar,CIN,3B
Ryan Roberts,BOS,3B
Alex Rodriguez,NYY,3B
Ryan Rohlinger,COL,3B
Scott Rolen,CIN,3B
Kevin Russo,DET,3B
Freddy Sandoval,LAA,3B
Pablo Sandoval,SF,3B
Carlos Santana,CLE,3B
Kyle Seager,SEA,3B
Marcus Semien,CWS,3B
Brandon Snyder,BOS,3B
Nate Spears,BOS,3B
Ian Stewart,LAA,3B
Mark Teahen,CIN,3B
Terry Tiffee,MIN,3B
Steve Tolleson,BAL,3B
Chad Tracy,LAA,3B
Justin Turner,LAD,3B
Juan Uribe,LAD,3B
Luis Valbuena,CHC,3B
Danny Valencia,KC,3B
Gil Velazquez,MIA,3B
Christian Villanueva,CHC,3B
Josh Vitters,CHC,3B
Danny Worth,DET,3B
David Wright,NYM,3B
Kevin Youkilis,NYY,3B
Ryan Zimmerman,WSH,3B
Reggie Abercrombie,HOU,LF
Dustin Ackley,SEA,LF
Russ Adams,TOR,LF
Jim Adduci,TEX,LF
Zoilo Almonte,NYY,LF
Aaron Altherr,PHI,LF
Oswaldo Arcia,MIN,LF
Xavier Avery,SEA,LF
Roger Bernadina,CIN,LF
Quintin Berry,BOS,LF
Brandon Boggs,MIL,LF
Brian Bogusevic,MIA,LF
Jason Botts,CWS,LF
John Bowker,PHI,LF
Michael Brantley,CLE,LF
Corey Brown,OAK,LF
Domonic Brown,PHI,LF
Travis Buck,HOU,LF
Jolbert Cabrera,CIN,LF
Melky Cabrera,TOR,LF
Mike Carp,BOS,LF
Yoenis Cespedes,OAK,LF
Adron Chambers,STL,LF
Shin-Soo Choo,TEX,LF
Justin Christian,SF,LF
Doug Clark,SF,LF
Edgard Clemente,LAA,LF
Chris Coghlan,MIA,LF
Zach Collier,PHI,LF
Tyler Collins,DET,LF
Jose Constanza,ATL,LF
Collin Cowgill,LAA,LF
Carl Crawford,LAD,LF
Todd Cunningham,ATL,LF
Colin Curtis,NYY,LF
Jermaine Curtis,STL,LF
Johnny Damon,CLE,LF
James Darnell,SD,LF
Khris Davis,MIL,LF
Rajai Davis,DET,LF
Alejandro De Aza,CWS,LF
Jaff Decker,PIT,LF
David DeJesus,TB,LF
Matt Diaz,MIA,LF
Chris Dickerson,BAL,LF
Corey Dickerson,COL,LF
Andy Dirks,DET,LF
Shelley Duncan,ARI,LF
Juan Duran,CIN,LF
Luis Durango,HOU,LF
Jesus Feliciano,NYM,LF
Ramon Flores,NYY,LF
Lew Ford,BAL,LF
Ben Francisco,NYY,LF
Jeff Frazier,DET,LF
Sam Fuld,OAK,LF
Cole Garner,COL,LF
Jay Gibbons,LAD,LF
Cole Gillespie,CHC,LF
Caleb Gindl,MIL,LF
Jonny Gomes,BOS,LF
Alexis Gomez,DET,LF
Carlos Gonzalez,COL,LF
Alex Gordon,KC,LF
Tyler Graham,ARI,LF
Robbie Grossman,HOU,LF
Brandon Guyer,TB,LF
Tony Gwynn Jr.,PHI,LF
Scott Hairston,WSH,LF
Bryce Harper,WSH,LF
Alex Hassan,BOS,LF
Chris Heisey,CIN,LF
Matt Holliday,STL,LF
Norris Hopper,CIN,LF
Kyle Hudson,TEX,LF
Raul Ibanez,LAA,LF
Kyle Jensen,MIA,LF
Matt Joyce,TB,LF
Ryan Kalish,CHC,LF
Don Kelly,DET,LF
Max Kepler,MIN,LF
Bobby Kielty,BOS,LF
Roger Kieschnick,ARI,LF
Jeff Kobernus,WSH,LF
Mark Kotsay,SD,LF
Marc Krauss,HOU,LF
Jason Kubel,MIN,LF
Junior Lake,CHC,LF
Fred Lewis,NYM,LF
Ryan Ludwick,CIN,LF
Donald Lutz,CIN,LF
Val Majewski,BAL,LF
Alfredo Marte,ARI,LF
Starling Marte,PIT,LF
Fernando Martinez,HOU,LF
J.D. Martinez,HOU,LF
Darin Mastroianni,MIN,LF
Nate McLouth,WSH,LF
Jason Michaels,HOU,LF
Luis Montanez,CHC,LF
Jeremy Moore,LAA,LF
Tyler Moore,WSH,LF
Julio Morban,SEA,LF
Michael Morse,SF,LF
Xavier Nady,SD,LF
Thomas Neal,CHC,LF
Mike O'Neill,STL,LF
Trent Oeltjen,LAD,LF
Jerry Owens,CWS,LF
Kyle Parker,COL,LF
Xavier Paul,CIN,LF
Steve Pearce,BAL,LF
Francisco Peguero,BAL,LF
Timo Perez,DET,LF
Bryan Petersen,MIA,LF
Brock Peterson,STL,LF
Chris Pettit,BAL,LF
Felix Pie,PIT,LF
Juan Pierre,MIA,LF
Kevin Pillar,TOR,LF
Jason Pridie,BAL,LF
Carlos Quentin,SD,LF
Jeremy Reed,MIL,LF
Nolan Reimold,BAL,LF
Juan Rivera,NYY,LF
Derrick Robinson,CIN,LF
Trayvon Robinson,BAL,LF
Sean Rodriguez,TB,LF
Alex Romero,HOU,LF
Stefen Romero,SEA,LF
Cody Ross,ARI,LF
Vinny Rottino,CLE,LF
Darin Ruf,PHI,LF
Jeff Salazar,PIT,LF
Jerry Sands,TB,LF
Logan Schafer,MIL,LF
J.B. Shuck,LAA,LF
Seth Smith,SD,LF
Chris Snelling,PHI,LF
Alfonso Soriano,NYY,LF
Ryan Spilborghs,COL,LF
Cory Sullivan,LAD,LF
Drew Sutton,PIT,LF
Kensuke Tanaka,SF,LF
Joey Terdoslavich,ATL,LF
Charles Thomas,ATL,LF
Rich Thompson,TB,LF
Andres Torres,SF,LF
Rene Tosoni,MIN,LF
Matt Tuiasosopo,TOR,LF
Justin Upton,ATL,LF
Scott Van Slyke,LAD,LF
Dayan Viciedo,CWS,LF
Casper Wells,PHI,LF
Vernon Wells,NYY,LF
Josh Willingham,MIN,LF
Christian Yelich,MIA,LF
Eric Young,NYM,LF
Matt Young,DET,LF
Abraham Almonte,SEA,CF
Tony Alvarez,PIT,CF
Alexi Amarista,SD,CF
Matt Angle,LAD,CF
Rick Ankiel,NYM,CF
Brandon Barnes,COL,CF
Joe Benson,TEX,CF
Gregor Blanco,SF,CF
Hiram Bocachica,OAK,CF
Julio Borbon,CHC,CF
Jason Bourgeois,TB,CF
Peter Bourjos,STL,CF
Michael Bourn,CLE,CF
Jackie Bradley Jr.,BOS,CF
Gary Brown,SF,CF
Nick Buss,LAD,CF
Lorenzo Cain,KC,CF
Tony Campana,ARI,CF
Endy Chavez,SEA,CF
Scott Cousins,BOS,CF
Coco Crisp,OAK,CF
Jordan Danks,CWS,CF
Matt den Dekker,NYM,CF
Jarrod Dyson,KC,CF
Adam Eaton,CWS,CF
Jacoby Ellsbury,NYY,CF
Alex Escobar,WSH,CF
Andre Ethier,LAD,CF
Daniel Fields,DET,CF
Darren Ford,SF,CF
Dexter Fowler,HOU,CF
Reymond Fuentes,SD,CF
Brett Gardner,NYY,CF
Joey Gathright,BOS,CF
Craig Gentry,OAK,CF
Tyson Gillies,PHI,CF
Carlos Gomez,MIL,CF
Anthony Gose,TOR,CF
Curtis Granderson,NYM,CF
Adam Greenberg,MIA,CF
Franklin Gutierrez,SEA,CF
Billy Hamilton,CIN,CF
Slade Heathcott,NYY,CF
Gorkys Hernandez,KC,CF
Aaron Hicks,MIN,CF
Cedric Hunter,OAK,CF
Ender Inciarte,ARI,CF
Austin Jackson,DET,CF
Brett Jackson,CHC,CF
Jon Jay,STL,CF
Desmond Jennings,TB,CF
Adam Jones,BAL,CF
Matt Kemp,LAD,CF
Brent Keys,MIA,CF
Kevin Kiermaier,TB,CF
Juan Lagares,NYM,CF
Ryan LaMarre,CIN,CF
Che-Hsuan Lin,HOU,CF
Jose Macias,WSH,CF
Mitch Maier,CHC,CF
Jake Marisnick,MIA,CF
Leonys Martin,TEX,CF
Michael Martinez,PHI,CF
Luis Matos,WSH,CF
Kevin Mattison,MIA,CF
Cameron Maybin,SD,CF
Andrew McCutchen,PIT,CF
Melky Mesa,NYY,CF
Jai Miller,BAL,CF
Jared Mitchell,CWS,CF
Nyjer Morgan,CLE,CF
Kristopher Negron,CIN,CF
Kirk Nieuwenhuis,NYM,CF
Rafael Ortega,STL,CF
Angel Pagan,SF,CF
Eury Perez,WSH,CF
Juan Perez,SF,CF
Robert Perez,NYY,CF
Scott Podsednik,BOS,CF
Gregory Polanco,PIT,CF
A.J. Pollock,ARI,CF
Alex Presley,HOU,CF
Josh Prince,MIL,CF
Colby Rasmus,TOR,CF
Ben Revere,PHI,CF
Antoan Richardson,ATL,CF
Ruben Rivera,SF,CF
Yorman Rodriguez,CIN,CF
Aaron Rowand,MIA,CF
Justin Ruggiano,CHC,CF
Dave Sappelt,PHI,CF
Michael Saunders,SEA,CF
Jordan Schafer,ATL,CF
Grady Sizemore,BOS,CF
Denard Span,WSH,CF
George Springer,HOU,CF
Ryan Sweeney,CHC,CF
Matt Szczur,CHC,CF
Oscar Taveras,STL,CF
Willy Taveras,WSH,CF
Michael A. Taylor,WSH,CF
Blake Tekotte,CWS,CF
Luis Terrero,CWS,CF
Clete Thomas,MIN,CF
Trayce Thompson,CWS,CF
Mike Trout,LAA,CF
B.J. Upton,ATL,CF
Jordany Valdespin,NYM,CF
Kenny Wilson,TOR,CF
Dewayne Wise,CWS,CF
Chris Young,NYM,CF
Bobby Abreu,PHI,RF
Lane Adams,KC,RF
Cory Aldridge,LAA,RF
Erick Almonte,MIL,RF
Nori Aoki,KC,RF
Yeison Asencio,SD,RF
Wladimir Balentien,CIN,RF
Brian Barton,ATL,RF
Jose Bautista,TOR,RF
Mike Baxter,LAD,RF
Jason Bay,SEA,RF
Carlos Beltran,NYY,RF
Engel Beltre,TEX,RF
Charlie Blackmon,COL,RF
Kyle Blanks,SD,RF
Brennan Boesch,LAA,RF
Ryan Braun,MIL,RF
Bryce Brentz,BOS,RF
Andrew Brown,NYM,RF
Jay Bruce,CIN,RF
Joey Butler,STL,RF
Marlon Byrd,PHI,RF
Kole Calhoun,LAA,RF
Ezequiel Carrera,CLE,RF
Brett Carroll,WSH,RF
Matt Carson,CLE,RF
Alex Castellanos,SD,RF
Michael Choice,TEX,RF
Tyler Colvin,COL,RF
Allen Craig,STL,RF
Trevor Crowe,HOU,RF
Nelson Cruz,BAL,RF
Michael Cuddyer,COL,RF
Aaron Cunningham,CHC,RF
Jack Cust,BAL,RF
Chris Denorfia,SD,RF
Victor Diaz,TEX,RF
Kelly Dugan,PHI,RF
Jeff Fiorentino,BAL,RF
Jeff Francoeur,CLE,RF
Kosuke Fukudome,CWS,RF
Avisail Garcia,CWS,RF
Karim Garcia,PHI,RF
Greg Golson,MIL,RF
Shawn Green,NYM,RF
Randal Grichuk,STL,RF
Josh Hamilton,LAA,RF
Brad Hawpe,LAA,RF
Jerad Head,CLE,RF
Jeremy Hermida,SD,RF
Jason Heyward,ATL,RF
Jamie Hoffmann,COL,RF
Chad Huffman,CLE,RF
Torii Hunter,DET,RF
Reed Johnson,MIA,RF
Andruw Jones,NYY,RF
James Jones,SEA,RF
Austin Kearns,MIA,RF
Erik Komatsu,MIN,RF
Andrew Lambo,PIT,RF
Rymer Liriano,SD,RF
Adam Loewen,TOR,RF
David Lough,BAL,RF
Nick Markakis,BAL,RF
Ruben Mateo,KC,RF
Joe Mather,PHI,RF
Kent Matthes,OAK,RF
Justin Maxwell,KC,RF
John Mayberry Jr.,PHI,RF
Carlos Moncrief,CLE,RF
Steven Moya,DET,RF
Matt Murton,COL,RF
Wil Myers,TB,RF
Daniel Nava,BOS,RF
Laynce Nix,PHI,RF
Marcell Ozuna,MIA,RF
Jorge Padilla,WSH,RF
Chris Parmelee,MIN,RF
Gerardo Parra,ARI,RF
Carlos Peguero,KC,RF
Hunter Pence,SF,RF
Denis Phipps,CIN,RF
Cesar Puello,NYM,RF
Yasiel Puig,LAD,RF
Ryan Raburn,CLE,RF
Wilkin Ramirez,MIN,RF
Josh Reddick,OAK,RF
Rene Reyes,COL,RF
Alex Rios,TEX,RF
Chris Roberson,PHI,RF
Shane Robinson,STL,RF
John Rodriguez,STL,RF
Domingo Santana,HOU,RF
Nate Schierholtz,CHC,RF
Moises Sierra,TOR,RF
Travis Snider,PIT,RF
Brad Snyder,CHC,RF
Jorge Soler,CHC,RF
Steven Souza Jr.,WSH,RF
Giancarlo Stanton,MIA,RF
Drew Stubbs,COL,RF
Steve Susdorf,PHI,RF
Ichiro Suzuki,NYY,RF
Jose Tabata,PIT,RF
Michael Taylor,OAK,RF
Eric Thames,HOU,RF
Mark Trumbo,ARI,RF
Pedro Valdes,TEX,RF
Will Venable,SD,RF
Shane Victorino,BOS,RF
Jayson Werth,WSH,RF
Mike Wilson,NYM,RF
Delmon Young,BAL,RF
Delwyn Young,CWS,RF
